ion,airwave,ritzwave,relint
Ne II,3001.6685,3001.66856,300
Ne VII,,3002,
Ne II,3007.029,3007.0228,22
Ne III,3007.54,3007.489,100
Ne II,3007.832,3007.832,160
Ne II,3007.933,3007.933,140
Ne II,3010.451,3010.4373,22
Ne III,3011.80,3011.806,140
Ne I,3012.1354,3012.1370,500
Ne I,3012.9576,3012.9602,500
Ne VIII,3013.1,3011.8,9i
Ne II,3013.975,3013.9713,40
Ne II,,3015.709,
Ne II,3017.3093,3017.3092,240
Ne I,3017.3547,3017.3560,500
Ne III,3018.10,3018.106,70
Ne III,3020.13,3020.148,50
Ne III,3026.39,3026.47,70
Ne I,3026.913,3026.9225,150
Ne I,3026.913,3026.9238,150
Ne II,3027.0151,3027.01507,200
Ne VIII,,3028.3,
Ne I,3028.424,3028.4276,30
Ne I,3028.424,3028.4298,30
Ne II,3028.7000,3028.7001,180
Ne II,3028.8633,3028.86350,240
Ne II,3029.713,3029.7102,120
Ne I,3030.3235,3030.3226,500
Ne II,3030.7876,3030.78742,200
Ne II,3030.930,3030.930,22
Ne VIII,3031,3031,25
Ne VIII,3031.1,3029.4,25
Ne VIII,3031.1,3030.7,25
Ne II,3034.340,3034.3423,120
Ne II,3034.4609,3034.46102,240
Ne II,3035.9216,3035.92172,200
Ne II,3036.626,3036.6253,160
Ne II,3037.7192,3037.71908,200
Ne II,3039.5855,3039.58570,200
Ne II,3044.0878,3044.08773,200
Ne II,3045.556,3045.5550,200
Ne I,3045.9471,3045.9502,70
Ne II,3047.5569,3047.55687,240
Ne II,3050.4724,3050.4727,180
Ne II,3050.763,3050.7625,140
Ne III,3051.82,3051.820,70
Ne VII,,3054,
Ne II,3054.3449,3054.3449,200
Ne II,3054.425,3054.4289,180
Ne II,3054.6747,3054.67473,200
Ne III,3054.834,3054.832,1000
Ne III,3056.111,3056.114,400
Ne I,3057.3907,3057.3915,3000
Ne II,3057.8669,3057.8679,180
Ne II,3059.1050,3059.10487,200
Ne II,3059.724,3059.7259,160
Ne II,3061.854,3061.847,100
Ne II,3062.4913,3062.4913,200
Ne II,3063.3015,3063.3023,200
Ne I,3063.6952,3063.6960,2000
Ne II,3064.556,3064.544,22
Ne I,3065.668,3065.6725,50
Ne II,3066.683,3066.6868,22
Ne I,3067.214,3067.2187,250
Ne I,3067.214,3067.2164,250
Ne II,3067.4494,3067.4490,160
Ne II,3070.8916,3070.8916,200
Ne II,3071.0871,3071.08713,180
Ne II,3071.5310,3071.5311,200
Ne II,3072.302,3072.302,40
Ne II,3072.654,3072.6478,180
Ne II,3072.654,3072.65541,180
Ne II,3073.821,3073.8230,140
Ne II,3075.077,3075.0724,22
Ne II,3075.738,3075.7298,200
Ne II,3075.738,3075.7411,200
Ne II,3076.3569,3076.3573,180
Ne I,3076.9761,3076.9768,2000
Ne II,3077.8454,3077.8400,160
Ne II,3078.5872,3078.5910,160
Ne I,3078.8806,3078.8808,1000
Ne I,3079.1808,3079.1807,1000
Ne II,3081.3421,3081.3419,180
Ne II,3082.613,3082.6205,160
Ne II,3082.706,3082.715,140
Ne II,3084.019,3084.020,60
Ne II,3084.919,3084.9211,160
Ne II,3086.080,3086.0854,140
Ne II,3086.182,3086.181,22
Ne II,3088.1641,3088.16405,240
Ne II,3088.276,3088.2881,160
Ne III,3091.19,3091.160,200
Ne II,3092.0940,3092.0940,200
Ne II,3092.9020,3092.9020,240
Ne II,3094.0059,3094.00577,200
Ne II,3095.1034,3095.1036,200
Ne II,3095.184,3095.1680,180
Ne II,3095.184,3095.1845,180
Ne II,3097.1318,3097.1317,200
Ne II,3097.535,3097.5403,80
Ne II,3098.827,3098.8277,120
Ne II,3100.005,3100.0025,22
Ne I,3101.407,3101.4142,70
Ne III,3105.73,3105.717,160
Ne VIII,3106.1,3103.3,100
Ne VIII,3106.1,3107.0,100
Ne II,3112.821,3112.8151,40
Ne II,3115.672,3115.670,160
Ne II,3116.695,3116.6873,180
Ne II,3116.762,3116.7797,180
Ne II,3117.153,3117.1535,100
Ne II,3117.793,3117.7864,60
Ne II,3117.9807,3117.98060,200
Ne II,3118.1600,3118.1602,240
Ne II,3118.94,3118.944,30
Ne II,3119.472,3119.4816,40
Ne II,3120.635,3120.6304,40
Ne II,3123.367,3123.3648,22
Ne II,3123.476,3123.464,140
Ne II,3123.500,3123.507,140
Ne II,3124.185,3124.1847,180
Ne II,3124.948,3124.946,80
Ne I,3126.1965,3126.1971,2000
Ne II,3132.190,3132.1875,180
Ne VI,3133.2,3133.2,13
Ne II,3134.066,3134.0654,80
Ne II,3134.132,3134.1359,140
Ne VI,3135.0,3135.2,28
Ne II,,3135.790,
Ne II,3135.817,3135.81582,160
Ne VI,3136.4,3136.5,28
Ne II,3136.476,3136.47680,100
Ne II,3138.058,3138.0557,160
Ne VI,3139.7,3139.7,16
Ne II,3140.358,3140.3536,100
Ne II,3141.3320,3141.33196,240
Ne II,3142.305,3142.3102,22
Ne II,3143.7204,3143.72019,200
Ne II,3145.425,3145.4341,22
Ne I,3147.7135,3147.7108,250
Ne I,3148.6107,3148.6099,1000
Ne II,3148.680,3148.6815,200
Ne II,3151.1364,3151.13666,180
Ne II,3151.596,3151.6041,80
Ne III,3152.60,3152.591,200
Ne I,3153.4107,3153.4107,1000
Ne II,3153.678,3153.6848,140
Ne II,3154.795,3154.7931,140
Ne II,3156.333,3156.3297,22
Ne II,3159.937,3159.9396,60
Ne III,3159.95,3159.942,200
Ne II,3163.578,3163.5777,60
Ne II,3164.228,3164.2296,40
Ne II,3164.4295,3164.4295,200
Ne II,3164.6618,3164.6621,240
Ne III,3165.01,3165.007,180
Ne II,3165.6479,3165.6480,200
Ne II,3166.176,3166.1812,140
Ne I,3167.5762,3167.5756,500
Ne II,3169.308,3169.3022,12
Ne III,3169.80,3169.785,50
Ne II,3172.474,3172.4730,160
Ne II,3173.5726,3173.5728,180
Ne III,3173.60,3173.724,200
Ne II,3173.671,3173.6779,160
Ne III,3175.17,3175.123,120
Ne III,3175.17,3175.157,120
Ne III,3175.63,3175.620,200
Ne II,3176.1199,3176.1199,180
Ne II,3176.552,3176.5450,180
Ne II,3176.552,3176.5585,180
Ne III,3176.63,3176.710,200
Ne II,3177.740,3177.7451,100
Ne III,3178.34,3178.347,300
Ne III,3180.16,3180.169,140
Ne VII,3181.4,3181.5,14
Ne II,3187.5763,3187.57661,180
Ne II,3188.7410,3188.7409,200
Ne II,3190.8630,3190.8628,180
Ne II,3190.920,3190.9337,140
Ne II,3194.5754,3194.5754,200
Ne II,3198.5862,3198.5862,300
Ne II,3198.916,3198.9145,120
Ne I,3206.199,3206.2205,10
Ne I,3207.906,3207.9092,100
Ne I,3207.906,3207.9117,100
Ne II,,3208.282,
Ne II,3208.965,3208.9642,200
Ne II,3209.3554,3209.3555,240
Ne II,3211.989,3211.9979,22
Ne II,3213.7348,3213.7348,240
Ne II,3214.3262,3214.3264,300
Ne II,3214.751,3214.7566,160
Ne II,3214.928,3214.9262,160
Ne II,,3217.299,
Ne II,3218.1925,3218.1925,300
Ne II,,3222.007,
Ne II,3224.8174,3224.8174,240
Ne II,3229.457,3229.4558,180
Ne II,3229.5717,3229.5718,240
Ne II,3230.0698,3230.06993,400
Ne II,3230.4209,3230.4207,240
Ne II,3232.022,3232.0219,240
Ne II,,3232.290,
Ne II,3232.3731,3232.3731,300
Ne II,3243.3963,3243.3966,200
Ne II,3244.0942,3244.0943,200
Ne II,3248.1314,3248.1317,180
Ne II,3248.3449,3248.3447,200
Ne II,3248.3826,3248.3828,190
Ne II,3250.3571,3250.3570,200
Ne II,3255.4223,3255.4223,120
Ne II,3263.4128,3263.4127,140
Ne VIII,3266.1,3266.2,50
Ne II,3269.8705,3269.8703,180
Ne II,3270.800,3270.8006,180
Ne II,3275.1810,3275.1810,180
Ne III,3289.99,3289.974,120
Ne II,3297.7252,3297.72537,300
Ne VII,,3298,
Ne V,,3300.4,
Ne VII,3305.0,3305.4,140
Ne VII,3305.0,3307.1,140
Ne III,3307.44,3307.43,180
Ne II,3309.7398,3309.74002,300
Ne II,3310.499,3310.5051,60
Ne II,3311.2711,3311.27103,180
Ne II,3314.670,3314.6733,40
Ne VIII,3319.4,3322,60
Ne II,3319.722,3319.7242,600
Ne II,3320.1973,3320.1973,160
Ne II,3323.7350,3323.73514,2000
Ne II,3327.1534,3327.15326,300
Ne III,3328.698,3328.697,2000
Ne II,3329.1575,3329.1575,200
Ne II,3330.7335,3330.7337,120
Ne II,,3334.779,
Ne II,3334.8368,3334.83686,400
Ne II,3336.0922,3336.0923,180
Ne III,3341.22,3341.205,240
Ne III,3342.5,3342.18,0
Ne II,3344.3956,3344.3958,300
Ne II,3345.4544,3345.45426,600
Ne V,,3345.821,
Ne V,3345.83,3345.821,
Ne II,3345.8304,3345.83056,300
Ne II,,3345.880,
Ne VII,3347.0,3347.0,16
Ne I,3351.7495,3351.7486,250
Ne II,3353.5675,3353.5674,140
Ne II,3355.0176,3355.01769,400
Ne II,3356.3078,3356.3075,180
Ne II,3357.8190,3357.8192,240
Ne II,3360.271,3360.2711,180
Ne II,3360.597,3360.5981,400
Ne II,3362.1623,3362.1624,240
Ne II,3362.7067,3362.70661,200
Ne II,3362.9378,3362.9378,180
Ne III,3366.10,3366.082,120
Ne II,3366.985,3366.9839,60
Ne II,3367.2164,3367.2164,240
Ne I,3369.8076,3369.8076,5000
Ne I,3369.9069,3369.9072,7000
Ne II,3371.799,3371.7970,200
Ne II,3374.0607,3374.0607,160
Ne I,3375.6489,3375.6484,500
Ne II,3377.1543,3377.1542,240
Ne II,3378.2193,3378.21915,1000
Ne II,3379.3209,3379.3207,160
Ne II,3386.2017,3386.2018,120
Ne II,3388.4169,3388.4170,300
Ne II,3388.9431,3388.9431,240
Ne II,3390.5521,3390.5524,140
Ne II,3392.607,3392.6039,160
Ne II,3392.8006,3392.80064,600
Ne II,3393.183,3393.1822,120
Ne II,,3397.498,
Ne II,3397.866,3397.86687,100
Ne II,3404.18,3404.18,8
Ne II,3404.8208,3404.8209,200
Ne II,3406.9451,3406.9454,240
Ne VI,3409.7,3409.7,90
Ne II,3411.3604,3411.3603,160
Ne II,3413.1453,3413.1453,200
Ne II,3414.8886,3414.8878,140
Ne II,3416.9126,3416.9126,240
Ne II,3417.6870,3417.6870,240
Ne I,3417.9031,3417.9031,5000
Ne I,3418.0052,3418.0056,500
Ne I,3423.9120,3423.9120,500
Ne VI,3424.7,3424.4,100
Ne V,3425.87,3425.881,
Ne V,,3425.881,
Ne VI,3427.6,3427.7,170
Ne II,3428.6850,3428.68472,240
Ne VIII,3433.7,3433.3,500
Ne VII,3437.8,3437.9,430
Ne II,3438.935,3438.9337,180
Ne II,3440.7474,3440.7477,140
Ne II,3441.9762,3441.9773,100
Ne II,3443.7065,3443.7061,160
Ne I,3447.7022,3447.7024,2000
Ne VII,,3450,
Ne I,3450.7641,3450.7645,500
Ne II,3453.0685,3453.0681,160
Ne I,3454.1942,3454.1944,1000
Ne II,3454.7720,3454.7721,180
Ne II,3456.6081,3456.6080,200
Ne II,3457.0079,3457.0052,140
Ne II,3457.084,3457.0836,140
Ne II,3459.3197,3459.3197,200
Ne I,3460.5235,3460.5237,1000
Ne II,3463.21,3463.2301,
Ne I,3464.3385,3464.3382,1000
Ne I,3466.5781,3466.5781,2000
Ne I,3472.5706,3472.5706,5000
Ne II,3475.240,3475.2399,60
Ne II,3477.6466,3477.6466,160
Ne VII,,3479,
Ne II,3479.5186,3479.5185,300
Ne VII,,3480,
Ne II,3480.7181,3480.7180,400
Ne II,3481.9337,3481.9336,400
Ne VIII,3483.0,3483.5,100
Ne VII,,3485,
Ne VIII,3488.0,3486.5,300
Ne VIII,3488.0,3487.1,300
Ne VIII,3488.0,3487.5,300
Ne VIII,3488.0,3487.7,300
Ne VIII,3488.0,3487.7,300
Ne VIII,3488.0,3487.8,300
Ne VIII,3488.0,3487.9,300
Ne I,3498.0632,3498.0637,1000
Ne II,3500.879,3500.8840,40
Ne I,3501.2154,3501.2159,2000
Ne II,3503.5820,3503.5819,180
Ne II,3507.3702,3507.3650,180
Ne II,3509.68,3509.68,6
Ne I,3510.7207,3510.7207,500
Ne II,3511.580,3511.5802,180
Ne VII,,3514,
Ne I,3515.1900,3515.1902,2000
Ne I,3520.4714,3520.4711,10000
Ne II,3522.722,3522.7250,40
Ne II,3525.51,3525.4712,24
Ne II,3535.10,3535.088,4
Ne II,3537.002,3537.0017,120
Ne II,3537.9757,3537.9759,140
Ne II,3538.26,3538.2796,
Ne II,3539.895,3539.8960,60
Ne II,3542.2406,3542.2405,160
Ne II,3542.8452,3542.8454,240
Ne II,3543.7907,3543.7899,140
Ne VIII,3544.0,3543.2,20
Ne VII,3544.0,3544.1,19
Ne II,,3544.145,
Ne II,3544.815,3544.8119,40
Ne II,3546.211,3546.2109,100
Ne II,3551.557,3551.5585,40
Ne II,,3554.356,
Ne VII,,3555,
Ne II,3557.313,3557.3109,100
Ne II,3557.805,3557.8048,240
Ne II,3558.218,3558.2153,12
Ne II,3559.840,3559.8391,60
Ne II,3561.1990,3561.1990,200
Ne I,3562.9551,3562.9536,150
Ne VI,,3565,
Ne II,3565.826,3565.8240,180
Ne II,3567.608,3567.5985,12
Ne II,3568.5022,3568.5021,500
Ne II,3571.2311,3571.2309,200
Ne II,3572.021,3572.0278,100
Ne II,3572.376,3572.3759,80
Ne II,3574.1826,3574.1826,200
Ne II,,3574.233,
Ne II,3574.6122,3574.6121,400
Ne II,3577.9772,3577.9778,140
Ne VI,,3579,
Ne II,3582.151,3582.1488,60
Ne VII,,3583,
Ne II,3584.934,3584.9298,80
Ne II,3585.244,3585.2395,40
Ne II,3589.494,3589.4895,100
Ne II,3590.449,3590.4496,80
Ne II,3591.796,3591.7970,22
Ne I,3593.5263,3593.5257,5000
Ne I,3593.6385,3593.6389,3000
Ne II,3594.1582,3594.1584,160
Ne I,3600.1694,3600.1685,1000
Ne II,3601.060,3601.0595,120
Ne II,3602.775,3602.7722,80
Ne II,3603.234,3603.2336,100
Ne II,3607.508,3607.5058,120
Ne II,3608.605,3608.6061,60
Ne I,3609.1787,3609.1786,500
Ne II,3611.596,3611.6020,100
Ne II,3612.327,3612.3275,140
Ne II,3612.608,3612.6058,12
Ne II,3616.345,3616.3491,22
Ne II,3618.763,3618.7630,80
Ne VII,,3626,
Ne II,3626.5363,3626.5372,140
Ne II,3628.0329,3628.0333,180
Ne II,3630.929,3630.9318,80
Ne II,3632.6804,3632.6808,140
Ne I,3633.6643,3633.6640,1000
Ne II,3634.569,3634.5687,140
Ne II,3639.54,3639.54,13
Ne VII,3643.60,3643.61,25
Ne II,3643.9291,3643.9290,300
Ne II,3644.8566,3644.8564,180
Ne II,3647.859,3647.8645,100
Ne II,3651.262,3651.2679,80
Ne III,3652.40,3652.419,90
Ne II,3652.814,3652.8135,80
Ne II,3656.650,3656.6523,80
Ne III,3659.39,3659.377,100
Ne II,3659.8921,3659.8925,120
Ne II,3661.812,3661.8089,100
Ne II,3664.0740,3664.0740,400
Ne III,3665.53,3665.506,160
Ne II,3667.7969,3667.7971,140
Ne III,3672.03,3672.048,160
Ne III,3675.75,3675.756,70
Ne II,3676.223,3676.2245,140
Ne II,3676.805,3676.8040,100
Ne II,3676.93,3676.941,15
Ne II,3677.091,3677.0921,100
Ne II,3679.8160,3679.8166,100
Ne II,3681.036,3681.0393,140
Ne II,3681.947,3681.9380,100
Ne II,3682.023,3682.0232,120
Ne I,3682.2421,3682.2421,1000
Ne II,3682.548,3682.5530,100
Ne II,3683.77,3683.7957,9
Ne I,3685.7351,3685.7352,1000
Ne II,3687.498,3687.4987,100
Ne II,3689.319,3689.3161,60
Ne VI,,3691,
Ne II,3692.272,3692.2729,80
Ne II,3693.389,3693.3870,140
Ne II,3694.2145,3694.2145,400
Ne II,3694.460,3694.4715,22
Ne II,3695.241,3695.2459,80
Ne II,3695.53,3695.54,11
Ne II,3697.1234,3697.1244,100
Ne II,3698.068,3698.0704,80
Ne III,3699.27,3699.308,120
Ne II,3699.54,3699.564,10
Ne II,3700.220,3700.2195,120
Ne I,3701.2247,3701.2244,400
Ne II,3701.7769,3701.7770,180
Ne II,3705.745,3705.7455,120
Ne VI,,3706,
Ne VII,3706.1,3706.1,30
Ne II,3707.384,3707.3858,120
Ne II,3707.996,3707.9982,100
Ne III,,3708.05,0m
Ne II,3709.6222,3709.6222,300
Ne VII,,3712,
Ne II,3713.0826,3713.0825,500
Ne IV,,3713.50,m
Ne II,3715.458,3715.4592,100
Ne II,3717.6207,3717.621,31
Ne II,3720.719,3720.7185,12
Ne II,3721.819,3721.8188,100
Ne VIII,3726.5,3726.4,30
Ne VII,3726.5,3726.5,30
Ne II,3726.872,3726.8707,60
Ne II,3727.1081,3727.1081,500
Ne II,3729.20,3729.207,26
Ne II,3730.976,3730.9836,100
Ne III,3732.04,3732.044,90
Ne II,3732.346,3732.3489,60
Ne II,3732.775,3732.7774,12
Ne II,3734.9388,3734.9388,180
Ne VII,3735.0,3735.0,80
Ne VII,3735.0,3735.0,80
Ne III,3737.66,3737.677,200
Ne II,3738.683,3738.6882,12
Ne II,3740.5987,3740.5981,120
Ne II,3740.964,3740.9664,12
Ne III,3741.36,3741.376,120
Ne III,3742.75,3742.764,240
Ne II,3744.6245,3744.6250,100
Ne II,3746.466,3746.4702,80
Ne II,3747.855,3747.8580,80
Ne VII,3750.5,3750.6,19
Ne II,3750.589,3750.5882,12
Ne III,3750.61,3750.63,160
Ne II,3751.2459,3751.2459,160
Ne II,3753.7792,3753.7792,140
Ne I,3754.2148,3754.2151,500
Ne II,3754.879,3754.8855,12
Ne II,3756.390,3756.3956,22
Ne VII,3756.6,3756.6,16
Ne II,3760.51,3760.531,9
Ne II,3763.644,3763.6459,80
Ne II,3764.710,3764.7097,60
Ne I,3765.819,3765.8396,50
Ne II,3766.259,3766.2613,200
Ne II,3766.811,3766.8096,12
Ne I,3768.047,3768.0675,50
Ne I,3769.449,3769.4611,70
Ne I,3769.654,3769.6771,50
Ne II,3770.54,3770.54,8
Ne VII,3771.1,3771.1,70
Ne VII,3771.1,3771.1,70
Ne III,3771.650,3771.651,240
Ne II,3774.17,3774.1814,3
Ne II,,3776.882,
Ne II,3777.1359,3777.1358,200
Ne III,3782.46,3782.461,200
Ne III,3783.94,3783.982,240
Ne II,3785.19,3785.205,5
Ne III,3786.49,3786.432,300
Ne II,3790.922,3790.9170,120
Ne II,3792.159,3792.1605,80
Ne II,3793.55,3793.533,16
Ne II,3795.54,3795.524,5
Ne VII,3795.9,3796.9,16
Ne II,3798.323,3798.3189,100
Ne II,3798.323,3798.3230,100
Ne II,3799.9645,3799.9645,160
Ne II,3800.457,3800.4565,60
Ne II,3800.816,3800.8144,12
Ne II,3801.013,3801.0143,12
Ne II,3802.83,3802.8292,5
Ne II,3806.252,3806.2500,120
Ne IV,3813.67,3813.69,5
Ne III,3817.886,3817.886,200
Ne II,3818.4236,3818.4237,200
Ne II,3823.157,3823.1564,100
Ne II,3829.7503,3829.7503,240
Ne II,3840.500,3840.5008,140
Ne III,3843.32,3843.32,240
Ne III,3844.97,3844.945,240
Ne III,3847.85,3847.828,240
Ne III,3848.85,3848.859,180
Ne VII,3853.30,3853.47,10
Ne II,3857.812,3857.8220,60
Ne VII,3864.5,3864.4,150
Ne VII,3864.5,3864.4,150
Ne VII,3866.80,3866.66,30
Ne III,3868.76,3868.76,
Ne II,3868.93,3868.932,8
Ne III,3872.95,3872.921,200
Ne VII,3873.20,3873.31,19
Ne III,3874.72,3874.729,100
Ne III,3877.43,3877.405,180
Ne III,3879.18,3879.179,120
Ne III,3881.52,3881.52,120
Ne I,3882.698,3882.7115,20
Ne VI,3883.1,3883.1,38
Ne VII,3884.2,3884.4,260
Ne I,3887.134,3887.1435,10
Ne I,3889.427,3889.4333,50
Ne VII,3894.00,3894.01,30
Ne II,3896.847,3896.8471,100
Ne I,3899.723,3899.7424,20
Ne II,,3903.848,
Ne VII,3905.10,3905.25,5
Ne III,3907.40,3907.37,90
Ne III,3909.66,3909.69,200
Ne VII,3912.30,3912.04,1
Ne III,3917.24,3917.24,200
Ne III,,3917.263,0m
Ne III,3921.03,3921.01,700
Ne III,3921.03,3921.02,700
Ne III,3921.03,3921.11,700
Ne II,3930.298,3930.2953,12
Ne II,3933.469,3933.4655,180
Ne II,3942.258,3942.2644,160
Ne I,3943.540,3943.54,20
Ne III,3956.60,3956.61,160
Ne II,3958.038,3958.0404,22
Ne III,3959.91,3959.90,100
Ne III,3960.587,3960.584,180
Ne III,3962.01,3961.90,240
Ne III,3965.62,3965.62,200
Ne III,3966.12,3966.15,160
Ne III,3967.47,3967.47,
Ne II,3971.40,3971.382,10
Ne III,3972.79,3972.80,90
Ne II,3973.455,3973.4570,12
Ne III,3974.89,3974.87,200
Ne III,3981.70,3981.70,140
Ne III,3983.96,3983.96,180
Ne I,3984.065,3984.05,20
Ne I,3984.253,3984.25,70
Ne II,3985.725,3985.7260,160
Ne I,3995.298,3995.30,10
Ne I,3995.721,3995.70,10
Ne I,3998.594,3998.60,10
Ne I,3999.263,3999.28,10
Ne II,3999.471,3999.4719,100
Ne VIII,4001.9,4003,100
Ne II,4010.68,4010.693,10
Ne I,4013.752,4013.75,10
Ne I,4013.995,4013.97,20
Ne I,4020.015,4020.04,20
Ne II,4022.42,4022.4275,5
Ne II,4024.043,4024.0420,80
Ne I,4037.262,4037.26,50
Ne I,4037.615,4037.60,150
Ne I,4037.696,4037.70,50
Ne I,4042.327,4042.33,100
Ne I,4042.642,4042.65,500
Ne I,4045.662,4045.68,20
Ne II,4054.43,4054.425,6
Ne II,4062.9730,4062.9730,160
Ne I,4064.036,4064.02,500
Ne I,4064.829,4064.83,150
Ne III,4067.35,4067.336,70
Ne I,4068.835,4068.83,300
Ne I,4069.243,4069.23,300
Ne I,4069.389,4069.39,50
Ne I,4079.359,4079.35,20
Ne I,4080.148,4080.14,500
Ne II,4080.510,4080.5144,140
Ne III,4084.42,4084.383,70
Ne II,4086.772,4086.7686,80
Ne VIII,4092.8,4092.0,20
Ne II,4098.732,4098.7318,12
Ne II,4098.8645,4098.8638,160
Ne II,4100.353,4100.3522,120
Ne II,4101.91,4101.9268,12
Ne I,4111.882,4111.86,10
Ne I,4112.100,4112.10,150
Ne II,4112.394,4112.3950,100
Ne I,4112.694,4112.69,200
Ne I,4112.865,4112.87,100
Ne II,4114.13,4114.094,16
Ne III,4116.94,4116.876,30
Ne II,4118.199,4118.1966,80
Ne I,4126.941,4126.9650,20
Ne I,4128.072,4128.076,300
Ne I,4130.512,4130.524,200
Ne I,4131.0613,4131.060,700
Ne II,4133.691,4133.6898,180
Ne II,4133.868,4133.8703,60
Ne III,4138.33,4138.34,50
Ne III,4142.88,4142.88,160
Ne III,4146.97,4146.96,50
Ne III,4150.19,4150.21,90
Ne II,4150.6893,4150.6899,180
Ne III,4152.28,4152.32,50
Ne I,4164.8079,4164.807,500
Ne I,4166.091,4166.099,300
Ne I,4173.966,4173.95,20
Ne I,4174.3667,4174.367,700
Ne I,4175.2197,4175.219,600
Ne I,4175.488,4175.49,400
Ne VIII,4181.8,4181.9,20
Ne II,4186.65,4186.6618,40
Ne I,4196.415,4196.420,150
Ne I,4198.1018,4198.098,700
Ne III,4198.61,4198.61,30
Ne III,4199.59,4199.64,90
Ne III,4202.92,4202.93,90
Ne I,4203.270,4203.27,20
Ne I,4203.270,4203.27,20
Ne I,4203.270,4203.27,20
Ne II,4205.596,4205.5929,80
Ne II,4206.501,4206.5014,100
Ne III,4207.32,4207.349,120
Ne II,,4217.068,
Ne II,4217.1702,4217.1706,180
Ne II,4219.367,4219.3658,160
Ne II,4219.7452,4219.7453,300
Ne II,4220.8935,4220.8938,180
Ne II,4221.086,4221.0860,120
Ne VIII,4221.8,4221,20
Ne VIII,4221.8,4225,20
Ne III,4224.07,4224.07,200
Ne II,4224.473,4224.4721,100
Ne II,4224.641,4224.641,120
Ne III,4226.06,4226.01,240
Ne II,,4226.920,
Ne III,4229.35,4229.32,300
Ne II,4231.5332,4231.5332,160
Ne II,4231.6362,4231.6363,180
Ne I,4232.323,4232.32,10
Ne II,4233.8466,4233.8466,200
Ne II,4239.9190,4239.9110,160
Ne II,4240.1049,4240.1049,180
Ne II,4242.038,4242.0386,60
Ne II,4242.210,4242.209,120
Ne II,,4242.863,
Ne II,,4242.946,
Ne I,4249.538,4249.55,20
Ne II,4250.6469,4250.6465,240
Ne I,4252.418,4252.42,20
Ne I,4252.775,4252.78,20
Ne I,4256.498,4256.49,20
Ne I,4256.498,4256.49,20
Ne II,4257.181,4257.180,80
Ne II,4257.395,4257.399,80
Ne II,4257.8024,4257.8019,180
Ne I,4259.739,4259.73,10
Ne III,4261.98,4261.99,240
Ne II,4262.442,4262.456,40
Ne I,4262.479,4262.48,20
Ne III,4265.22,4265.22,200
Ne I,4267.286,4267.287,10
Ne II,4267.382,4267.3917,60
Ne I,4267.724,4267.720,50
Ne I,4268.0086,4268.005,700
Ne III,4268.05,4268.05,160
Ne I,4269.7223,4269.722,700
Ne I,4270.2252,4270.225,500
Ne I,4274.6617,4274.660,500
Ne I,4275.167,4275.1579,10
Ne I,4275.5590,4275.5572,700
Ne I,4278.850,4278.84,50
Ne I,4279.279,4279.28,150
Ne II,,4280.437,
Ne II,,4280.581,
Ne I,4283.242,4283.24,100
Ne I,4288.541,4288.53,50
Ne I,4289.799,4289.79,20
Ne II,4290.374,4290.374,180
Ne II,4290.602,4290.603,160
Ne I,4291.976,4291.99,20
Ne I,4291.976,4291.99,20
Ne I,4291.976,4291.99,20
Ne II,4294.27,4294.2848,19
Ne II,4298.094,4298.0971,12
Ne I,4303.248,4303.254,300
Ne I,4303.695,4303.72,10
Ne I,4303.955,4303.96,50
Ne I,4306.2508,4306.252,700
Ne I,4310.130,4310.13,20
Ne VIII,4313.8,4313.8,100
Ne I,4314.110,4314.11,10
Ne I,4314.695,4314.70,300
Ne I,4316.008,4316.005,150
Ne I,4318.834,4318.800,50
Ne I,4319.511,4319.51,10
Ne I,4321.492,4321.49,20
Ne II,4322.371,4322.372,160
Ne II,4322.742,4322.7454,140
Ne II,4324.62,4324.6132,30
Ne II,4325.232,4325.235,120
Ne I,4327.265,4327.27,100
Ne VIII,4331.8,4330.8,200
Ne VIII,4331.8,4332.3,200
Ne I,4334.1267,4334.1253,700
Ne I,4336.2268,4336.2251,500
Ne VIII,4337.72,4337.72,400
Ne I,4338.200,4338.20,20
Ne VII,4339.5,4339.4,100
Ne II,4339.8209,4339.8191,160
Ne VIII,4339.99,4339.99,400
Ne VI,,4340,
Ne VI,,4340,
Ne VIII,4340,4340,400
Ne VIII,4340,4340,400
Ne II,4340.020,4340.0180,40
Ne I,4340.256,4340.25,20
Ne I,4340.420,4340.42,20
Ne VIII,4340.9,4340.6,400
Ne VIII,4340.9,4340.6,400
Ne VIII,4340.9,4340.7,400
Ne VIII,,4341,
Ne VIII,,4341,
Ne VIII,,4341,
Ne VIII,,4341,
Ne II,4341.514,4341.5126,160
Ne II,4342.198,4342.2068,22
Ne VIII,,4345,
Ne I,4345.479,4345.47,20
Ne I,4345.479,4345.47,20
Ne I,4345.762,4345.75,10
Ne I,4346.036,4346.01,150
Ne II,4346.239,4346.237,160
Ne II,4349.135,4349.134,40
Ne I,4357.298,4357.29,20
Ne I,4357.918,4357.90,50
Ne I,4358.816,4358.81,20
Ne I,4362.690,4362.69,300
Ne I,4363.228,4363.23,20
Ne I,4363.524,4363.524,700
Ne II,,4365.632,
Ne I,4365.705,4365.71,10
Ne II,4365.745,4365.7441,160
Ne II,4369.862,4369.8611,240
Ne I,4371.796,4371.81,20
Ne I,4372.157,4372.151,300
Ne I,4374.997,4375.005,20
Ne I,4374.997,4375.03,20
Ne VIII,4376.54,4376.54,100
Ne I,4377.754,4377.74,20
Ne I,4377.754,4377.74,20
Ne II,4377.9830,4377.9839,180
Ne II,4379.400,4379.3989,140
Ne II,4379.5496,4379.5496,300
Ne VIII,4380.09,4380.08,100
Ne VIII,4380.09,4380.08,100
Ne VIII,4380.09,4380.08,100
Ne I,4381.220,4381.220,300
Ne II,4384.1079,4384.1063,180
Ne II,4384.223,4384.2194,80
Ne II,,4384.976,
Ne II,4385.0642,4385.0639,200
Ne VIII,4385.87,4385.87,100
Ne II,4391.9902,4391.9902,400
Ne II,,4391.994,
Ne I,4394.370,4394.37,150
Ne I,4394.370,4394.37,150
Ne I,4394.370,4394.36,150
Ne I,4394.773,4394.78,150
Ne I,4395.008,4395.03,10
Ne I,4395.306,4395.30,10
Ne I,4395.556,4395.556,500
Ne I,4395.969,4395.97,10
Ne II,4396.313,4396.3121,120
Ne I,4397.175,4397.19,10
Ne II,4397.9902,4397.9902,300
Ne I,4398.136,4398.13,50
Ne I,4402.374,4402.38,20
Ne I,4402.580,4402.55,10
Ne I,4402.985,4403.00,10
Ne I,4405.582,4405.57,20
Ne II,4409.2987,4409.2987,300
Ne I,4409.620,4409.601,200
Ne II,4409.778,4409.7756,40
Ne II,4412.20,4412.1759,80
Ne I,4412.285,4412.2878,200
Ne II,4412.591,4412.5909,180
Ne II,4413.113,4413.1049,160
Ne II,4413.113,4413.1258,160
Ne II,4413.2150,4413.2151,200
Ne I,4413.561,4413.557,150
Ne I,4415.141,4415.13,50
Ne II,4416.7552,4416.7570,160
Ne I,4416.817,4416.815,500
Ne I,4420.558,4420.5903,10
Ne II,4421.3888,4421.3894,200
Ne I,4421.5553,4421.554,500
Ne I,4422.5205,4422.5191,3000
Ne VIII,4422.8,4420.6,20
Ne VIII,4422.8,4422.2,20
Ne I,4424.8065,4424.8052,3000
Ne I,4425.400,4425.400,1500
Ne VIII,4426.8,4427.5,20
Ne II,4427.108,4427.1080,60
Ne I,4427.755,4427.72,300
Ne I,4427.981,4427.97,150
Ne II,4428.4075,4428.4080,160
Ne II,4428.520,4428.505,200
Ne II,4428.520,4428.5207,200
Ne II,4428.520,4428.5210,200
Ne II,4428.6359,4428.6361,200
Ne I,4429.410,4429.41,10
Ne II,4429.640,4429.6403,180
Ne VII,,4430,
Ne II,4430.9018,4430.9012,300
Ne II,4430.9417,4430.9418,300
Ne II,4431.105,4431.1086,12
Ne II,4431.810,4431.809,160
Ne II,4431.810,4431.811,160
Ne II,4432.303,4432.305,160
Ne I,4432.5166,4432.514,200
Ne I,4433.398,4433.398,100
Ne I,4433.7239,4433.724,700
Ne I,4435.094,4435.09,50
Ne II,4436.979,4436.9777,100
Ne II,4439.2525,4439.2528,180
Ne II,4439.4610,4439.4610,180
Ne II,4439.991,4439.9904,180
Ne I,4440.363,4440.37,150
Ne I,4440.363,4440.36,150
Ne II,4440.804,4440.8039,80
Ne I,4440.812,4440.82,20
Ne I,4440.890,4440.93,10
Ne II,,4441.091,
Ne II,4442.6865,4442.6878,180
Ne I,4444.978,4444.97,300
Ne I,4445.671,4445.70,10
Ne VIII,4445.8,4446.0,20
Ne II,4446.4398,4446.4418,180
Ne I,4446.538,4446.53,10
Ne II,,4446.651,
Ne II,4452.607,4452.606,140
Ne III,4452.79,4452.70,2000
Ne III,4452.79,4452.75,2000
Ne III,4452.79,4452.82,2000
Ne III,4452.79,4452.85,2000
Ne III,4452.79,4452.87,2000
Ne I,4452.983,4452.99,150
Ne I,4453.253,4453.24,50
Ne I,4453.324,4453.34,20
Ne I,4453.528,4453.53,10
Ne I,4454.285,4454.29,50
Ne I,4455.564,4455.570,150
Ne I,4456.380,4456.40,10
Ne II,4456.445,4456.442,80
Ne II,4457.0473,4457.0479,240
Ne II,4457.242,4457.2344,100
Ne II,4457.242,4457.2621,100
Ne II,4457.3507,4457.3513,160
Ne III,4458.763,4458.762,500
Ne III,4458.862,4458.861,400
Ne III,4458.94,4458.95,300
Ne I,4460.175,4460.176,1000
Ne III,4460.54,4460.47,1000
Ne III,4460.54,4460.65,1000
Ne III,4460.54,4460.74,1000
Ne I,4462.856,4462.84,20
Ne I,4465.6544,4465.648,500
Ne II,4466.037,4466.0346,40
Ne I,4466.045,4466.04,50
Ne I,4466.503,4466.513,20
Ne I,4466.8120,4466.812,700
Ne I,4467.491,4467.489,10
Ne II,4467.735,4467.7371,40
Ne II,4468.9132,4468.9127,180
Ne I,4470.971,4470.99,50
Ne I,4470.971,4470.9682,50
Ne III,4471.04,4470.99,70
Ne II,4471.586,4471.5861,160
Ne I,4472.246,4472.272,10
Ne I,4472.246,4472.22,10
Ne I,4475.131,4475.145,50
Ne II,4475.390,4475.3892,60
Ne I,4475.656,4475.654,1000
Ne II,4477.4,4477.4241,
Ne II,4477.934,4477.935,22
Ne I,4480.823,4480.83,150
Ne VII,,4483,
Ne I,4483.190,4483.1961,1500
Ne I,4488.0926,4488.0933,3000
Ne VI,,4490,
Ne I,4491.7716,4491.770,800
Ne I,4491.838,4491.84,500
Ne I,4492.132,4492.12,50
Ne I,4492.412,4492.41,300
Ne I,4492.689,4492.673,150
Ne I,4493.108,4493.11,50
Ne I,4493.699,4493.694,500
Ne VIII,4495.7,4495.5,100
Ne II,4496.243,4496.2438,60
Ne II,4498.9247,4498.9253,180
Ne I,4499.000,4498.98,20
Ne II,4499.1166,4499.117,180
Ne I,4499.843,4499.82,50
Ne I,4499.843,4499.84,50
Ne I,4500.182,4500.182,500
Ne VIII,4500.7,4501.2,20
Ne VII,,4506,
Ne II,4508.1286,4508.1279,180
Ne I,4510.170,4510.1537,150
Ne II,4511.420,4511.420,160
Ne II,4511.478,4511.478,160
Ne I,4511.509,4511.48,200
Ne I,4511.509,4511.480,200
Ne II,4514.884,4514.8813,140
Ne I,4514.891,4514.884,700
Ne I,4515.022,4515.045,20
Ne I,4515.411,4515.415,300
Ne II,4516.663,4516.6595,60
Ne I,4516.936,4516.934,500
Ne II,4517.329,4517.327,80
Ne II,,4517.3974,m
Ne II,4517.404,4517.404,120
Ne I,4517.736,4517.736,1000
Ne II,4517.8334,4517.8324,160
Ne II,4522.314,4522.3094,60
Ne II,4522.4,4522.5125,
Ne II,4522.524,4522.5300,12
Ne II,4522.7191,4522.7189,200
Ne I,4525.764,4525.766,700
Ne I,4526.177,4526.17,500
Ne II,4526.458,4526.4518,80
Ne I,4526.685,4526.71,150
Ne I,4526.685,4526.654,150
Ne I,4527.725,4527.71,150
Ne I,4527.973,4527.97,10
Ne II,4528.483,4528.4819,160
Ne I,4529.476,4529.45,300
Ne I,4532.395,4532.40,10
Ne II,4534.52,4534.5247,22
Ne II,4534.644,4534.6432,80
Ne II,4535.374,4535.3719,140
Ne II,4535.572,4535.567,40
Ne I,4536.3003,4536.2996,1500
Ne II,4537.195,4537.1814,22
Ne VIII,4537.55,4537.56,20
Ne I,4537.6768,4537.6762,3000
Ne I,4537.7545,4537.7551,10000
Ne I,4538.3026,4538.301,3000
Ne I,4539.168,4539.165,500
Ne VII,,4540,
Ne I,4540.3801,4540.379,500
Ne II,4542.39,4542.403,12
Ne II,4542.48,4542.485,12
Ne VIII,4542.91,4542.90,20
Ne II,4544.12,4544.1223,12
Ne II,4544.32,4544.318,12
Ne I,4544.502,4544.49,500
Ne I,4545.729,4545.73,10
Ne I,4547.218,4547.1962,100
Ne I,4547.728,4547.7082,150
Ne VII,,4550,
Ne IX,,4550,
Ne I,4550.640,4550.63,10
Ne II,4551.67,4551.6552,12
Ne VII,4552.5,4552.9,20
Ne I,4552.598,4552.598,300
Ne II,4553.1731,4553.1715,140
Ne II,4553.399,4553.3951,100
Ne I,4554.415,4554.42,100
Ne I,4554.561,4554.574,50
Ne I,4554.824,4554.82,400
Ne I,4555.392,4555.387,300
Ne VII,4555.4,4555.4,30
Ne I,4556.698,4556.70,20
Ne II,4561.994,4561.9908,12
Ne II,4562.20,4562.2153,40
Ne I,4562.449,4562.46,10
Ne II,4565.1,4565.2623,
Ne II,4565.539,4565.5543,22
Ne I,4565.888,4565.889,600
Ne I,4566.830,4566.826,400
Ne I,4567.139,4567.139,150
Ne I,4567.845,4567.847,100
Ne II,4569.057,4569.0569,200
Ne II,4569.604,4569.5832,22
Ne I,4573.0609,4573.060,50
Ne I,4573.557,4573.557,500
Ne I,4573.898,4573.885,300
Ne II,4574.420,4574.4217,40
Ne I,4575.0620,4575.061,3000
Ne II,4575.311,4575.3173,40
Ne I,4575.858,4575.857,200
Ne II,4580.4180,4580.4188,160
Ne II,4582.00,4581.9934,40
Ne I,4582.035,4582.0397,1500
Ne II,4582.043,4582.0555,60
Ne I,4582.105,4582.1009,150
Ne I,4582.4521,4582.451,1500
Ne I,4582.556,4582.5596,150
Ne I,4582.980,4583.00,50
Ne I,4585.876,4585.87,100
Ne I,4586.145,4586.14,20
Ne II,4588.1330,4588.1359,160
Ne II,4588.358,4588.3583,22
Ne I,4593.243,4593.234,500
Ne I,4595.249,4595.245,500
Ne VII,,4600,
Ne II,4600.152,4600.1616,40
Ne I,4604.095,4604.10,150
Ne II,4604.469,4604.47,40
Ne I,4604.680,4604.69,10
Ne I,4604.938,4604.9404,50
Ne II,4606.697,4606.6954,100
Ne I,4609.365,4609.372,300
Ne IV,4609.8,4609.8,5i
Ne I,4609.910,4609.912,1500
Ne II,4610.151,4610.1492,80
Ne II,4612.802,4612.8016,12
Ne II,4612.928,4612.9242,22
Ne I,4614.391,4614.391,1000
Ne II,4615.563,4615.5508,22
Ne II,4616.0911,4616.0912,180
Ne II,4616.30,4616.293,12
Ne I,4616.911,4616.92,50
Ne I,4617.837,4617.838,700
Ne II,4624.251,4624.2623,120
Ne I,4627.799,4627.807,20
Ne II,4627.9810,4627.9807,160
Ne IV,4628.0,4628.0,1i
Ne I,4628.3113,4628.311,1500
Ne I,4628.460,4628.480,300
Ne III,4628.87,4628.75,20
Ne III,4628.87,4628.86,20
Ne III,4628.87,4628.86,20
Ne III,4628.87,4628.98,20
Ne IV,4629.6,4629.6,1i
Ne IV,4634.4,4634.4,1i
Ne II,4634.7623,4634.7630,140
Ne II,4635.382,4635.3824,100
Ne I,4636.125,4636.125,700
Ne I,4636.6362,4636.636,700
Ne I,4636.974,4636.973,500
Ne IV,4637.7,4637.7,1i
Ne I,4639.591,4639.593,300
Ne I,4640.443,4640.464,700
Ne I,4643.182,4643.18,50
Ne I,4643.931,4643.93,20
Ne I,4644.833,4644.829,400
Ne I,4645.4180,4645.4172,3000
Ne I,4645.885,4645.8887,10
Ne IV,4646.8,4646.8,2i
Ne II,4646.810,4646.8131,100
Ne II,4647.429,4647.4289,40
Ne II,4648.944,4648.9526,22
Ne I,4649.904,4649.9065,700
Ne IX,,4650,
Ne II,4650.000,4650.0029,40
Ne IV,4651.6,4651.6,2i
Ne IV,4651.6,4651.6,2i
Ne I,4652.101,4652.105,300
Ne I,4653.699,4653.717,500
Ne I,4656.3936,4656.3926,3000
Ne IV,4657.0,4657.0,1i
Ne VIII,4659.7,4658.6,100
Ne II,4660.837,4660.8377,60
Ne I,4661.1054,4661.1046,1500
Ne IV,4662.5,4662.5,1i
Ne I,4663.092,4663.092,400
Ne I,4663.518,4663.52,200
Ne I,4666.654,4666.680,500
Ne I,4667.3643,4667.365,1000
Ne II,4669.372,4669.37,60
Ne IX,,4670,
Ne I,4670.884,4670.884,700
Ne I,4678.218,4678.218,3000
Ne II,4678.314,4678.31,60
Ne I,4678.6107,4678.609,500
Ne I,4679.135,4679.136,1500
Ne I,4680.3670,4680.367,1000
Ne I,4681.200,4681.200,500
Ne I,4681.930,4681.925,200
Ne I,4682.146,4682.153,200
Ne I,4682.910,4682.911,100
Ne I,4683.238,4683.240,50
Ne I,4683.764,4683.778,300
Ne II,4686.355,4686.35,60
Ne I,4687.671,4687.6706,1000
Ne I,4688.191,4688.2148,20
Ne II,4688.671,4688.67,40
Ne I,4691.580,4691.583,150
Ne I,4695.363,4695.35,200
Ne I,4696.943,4696.952,50
Ne II,4697.874,4697.88,22
Ne II,4698.430,4698.43,60
Ne II,4700.243,4700.2462,12
Ne I,4700.469,4700.4779,50
Ne II,4700.483,4700.455,12
Ne I,4702.5305,4702.5289,1500
Ne I,4704.3949,4704.3948,15000
Ne I,4708.8594,4708.8584,12000
Ne II,,4710.0645,m
Ne I,4710.0650,4710.0638,10000
Ne I,4710.4881,4710.487,300
Ne I,4712.0633,4712.0625,15000
Ne I,4712.1406,4712.1469,150
Ne I,4712.1406,4712.140,150
Ne I,4712.800,4712.798,100
Ne II,4712.968,4712.9720,22
Ne II,4713.458,4713.45,22
Ne IV,4714.25,4714.25,
Ne IV,4714.25,4714.25,
Ne I,4714.3397,4714.3386,700
Ne II,4714.413,4714.4137,120
Ne II,4714.935,4714.93,40
Ne I,4715.1248,4715.1239,300
Ne I,4715.2580,4715.2539,300
Ne I,4715.344,4715.3441,15000
Ne IV,4715.61,4715.66,
Ne I,4717.6085,4717.6092,700
Ne II,4719.363,4719.3662,22
Ne II,4719.608,4719.6064,12
Ne I,4721.5337,4721.536,700
Ne I,4722.150,4722.19,50
Ne I,4722.714,4722.720,150
Ne I,4723.810,4723.811,700
Ne I,4723.810,4723.798,700
Ne IV,4724.15,4724.15,
Ne IV,4724.15,4724.15,
Ne I,4724.162,4724.16,50
Ne I,4725.145,4725.146,700
Ne IV,4725.62,4725.57,
Ne IV,4725.62,4725.57,
Ne II,4730.339,4730.3419,22
Ne II,4730.58,4730.5783,22
Ne II,4732.667,4732.6708,80
Ne II,4736.785,4736.7865,22
Ne I,4749.5754,4749.5745,3000
Ne I,4750.6826,4750.687,300
Ne I,4751.802,4751.8012,300
Ne I,4752.7320,4752.7311,5000
Ne I,4753.123,4753.119,10
Ne I,4754.440,4754.4404,1000
Ne I,4758.728,4758.7268,1500
Ne II,4769.375,4769.3777,100
Ne II,4772.927,4772.9288,120
Ne I,4780.338,4780.338,3000
Ne I,4780.884,4780.881,300
Ne I,4781.239,4781.239,20
Ne II,4782.121,4782.1227,60
Ne I,4784.022,4784.025,20
Ne I,4788.9258,4788.9249,10000
Ne I,4789.5982,4789.592,1000
Ne I,4790.2195,4790.2171,5000
Ne I,4790.728,4790.7185,300
Ne III,4793.78,4793.744,120
Ne II,4795.918,4795.9164,60
Ne I,4800.111,4800.110,150
Ne I,4801.076,4801.077,20
Ne I,4802.363,4802.373,100
Ne I,4803.225,4803.250,10
Ne I,4809.500,4809.500,100
Ne I,4810.0640,4810.0626,1500
Ne I,4810.6392,4810.6355,1000
Ne I,4814.338,4814.338,500
Ne III,4815.93,4815.919,90
Ne I,4816.900,4816.887,10
Ne I,4817.6386,4817.6381,3000
Ne I,4818.7847,4818.783,1500
Ne I,4819.937,4819.9290,700
Ne I,4821.9218,4821.9214,3000
Ne I,4823.1725,4823.172,1000
Ne I,4823.370,4823.351,500
Ne I,4825.529,4825.518,500
Ne I,4827.338,4827.3382,10000
Ne I,4827.587,4827.5871,3000
Ne I,4829.288,4829.289,50
Ne I,4837.3139,4837.3128,5000
Ne III,4842.50,4842.47,120
Ne I,4842.566,4842.561,100
Ne I,4842.941,4842.929,500
Ne I,4845.145,4845.140,150
Ne I,4845.767,4845.787,50
Ne I,4849.530,4849.528,300
Ne I,4851.501,4851.499,600
Ne I,4852.655,4852.6547,1000
Ne I,4859.604,4859.606,150
Ne I,4863.0810,4863.0767,1000
Ne I,4864.3729,4864.3717,300
Ne I,4865.5065,4865.5011,1000
Ne I,4866.476,4866.4761,800
Ne I,4867.0189,4867.0168,700
Ne I,4868.2766,4868.2683,700
Ne I,4883.403,4883.4073,150
Ne I,4884.9170,4884.9181,10000
Ne I,4885.0971,4885.0940,1000
Ne I,4888.365,4888.363,50
Ne I,4892.090,4892.0896,5000
Ne I,4892.228,4892.233,100
Ne I,4897.924,4897.9214,700
Ne II,4898.784,4898.7839,22
Ne I,4899.013,4899.0122,500
Ne I,4928.235,4928.2397,700
Ne I,4930.944,4930.9547,500
Ne II,4936.370,4936.3653,40
Ne I,4939.041,4939.0431,1000
Ne I,4944.987,4944.9874,1000
Ne I,4955.3905,4955.3896,1500
Ne I,4957.0335,4957.0324,10000
Ne I,4957.122,4957.1265,1500
Ne I,4973.5555,4973.5533,1000
Ne I,4974.760,4974.773,500
Ne I,4975.961,4975.9950,100
Ne I,4979.625,4979.642,50
Ne I,4994.930,4994.9281,1500
Ne I,4996.209,4996.254,20
Ne I,4997.482,4997.4858,150
Ne I,4998.502,4998.5144,100
Ne I,5000.395,5000.4051,30
Ne I,5003.561,5003.5720,20
Ne I,5005.1587,5005.1582,5000
Ne I,5005.3467,5005.3428,500
Ne I,5011.003,5011.010,250
Ne I,5015.187,5015.1861,50
Ne I,5022.870,5022.8639,250
Ne I,5031.3484,5031.3481,2500
Ne I,5031.5087,5031.5041,20
Ne I,5036.0016,5035.9924,350
Ne I,5037.5927,5037.5844,30
Ne I,5037.7512,5037.7504,5000
Ne I,5041.598,5041.593,10
Ne I,5042.853,5042.8479,150
Ne I,5045.816,5045.8204,150
Ne I,5046.608,5046.594,30
Ne I,5052.9443,5052.9414,250
Ne I,5059.150,5059.1633,20
Ne I,5074.0459,5074.0410,30
Ne I,5074.2007,5074.1996,350
Ne I,5076.5971,5076.5898,350
Ne II,5078.414,5078.4085,22
Ne I,5078.7693,5078.7645,150
Ne I,5080.383,5080.3836,1500
Ne I,5081.360,5081.3801,150
Ne I,5083.9773,5083.9671,250
Ne I,5090.321,5090.3300,80
Ne I,5099.0522,5099.0482,250
Ne II,5099.546,5099.534,100
Ne I,5104.7011,5104.6991,350
Ne II,,5113.602,m
Ne I,5113.6724,5113.6710,750
Ne I,5116.5032,5116.5021,1500
Ne I,5117.0246,5117.0198,350
Ne I,5120.5059,5120.5012,250
Ne I,5121.866,5121.8921,20
Ne I,5122.2565,5122.2552,1500
Ne I,5122.3613,5122.3557,1500
Ne I,5128.280,5128.2850,20
Ne II,5137.150,5137.15,40
Ne III,5142.80,5142.815,160
Ne I,5143.265,5143.2611,50
Ne I,5144.9384,5144.9371,5000
Ne I,5145.011,5145.0308,5000
Ne I,5145.1351,5145.1322,350
Ne I,5150.0842,5150.0790,350
Ne I,5151.9610,5151.9612,750
Ne I,5154.4271,5154.4252,500
Ne I,5156.6672,5156.6670,500
Ne I,5158.9018,5158.9000,500
Ne I,5163.4847,5163.4791,100
Ne II,5178.508,5178.510,140
Ne I,5182.320,5182.319,20
Ne I,5188.6122,5188.6121,1500
Ne II,5189.164,5189.167,120
Ne I,5191.3223,5191.3208,350
Ne I,5193.1251,5193.1238,1500
Ne I,5193.224,5193.2270,1500
Ne II,5197.565,5197.558,80
Ne II,5198.481,5198.48,160
Ne II,5202.240,5202.245,140
Ne II,5203.58,5203.544,22
Ne I,5203.8962,5203.8951,1500
Ne I,5206.565,5206.5761,30
Ne I,5208.8648,5208.8636,700
Ne I,5210.5672,5210.5667,500
Ne II,5212.363,5212.36,80
Ne II,5213.339,5213.34,140
Ne I,5214.3389,5214.3363,350
Ne II,5218.268,5218.259,22
Ne I,5222.3517,5222.3519,500
Ne II,5231.523,5231.53,80
Ne II,,5233.95,m
Ne I,5234.0271,5234.0276,500
Ne II,5234.637,5234.642,60
Ne II,5235.867,5235.8572,80
Ne II,5245.834,5245.829,40
Ne II,5263.123,5263.12,80
Ne I,5274.0393,5274.0406,400
Ne I,5280.0853,5280.0863,500
Ne VI,5280.3,5280.3,7
Ne VI,5282.9,5282.8,15
Ne VI,5287.2,5286.7,18
Ne VI,5289.9,5290.1,27
Ne I,5298.1891,5298.1891,1500
Ne I,5304.7580,5304.7573,700
Ne I,5314.7851,5314.7859,300
Ne I,5316.8046,5316.8048,250
Ne I,5320.550,5320.5511,20
Ne I,5326.396,5326.3952,750
Ne I,5330.6720,5330.6678,5
Ne I,5330.7775,5330.7771,6000
Ne I,5333.3083,5333.3057,500
Ne I,5335.710,5335.7059,100
Ne I,5341.0938,5341.0932,10000
Ne I,5342.700,5342.626,10
Ne I,5343.0048,5342.9996,100
Ne I,5343.2834,5343.2820,6000
Ne I,5349.2038,5349.2021,1500
Ne I,5353.513,5353.507,50
Ne I,5355.1640,5355.1621,1500
Ne I,5355.3394,5355.3389,50
Ne I,5355.4236,5355.4214,1500
Ne I,5358.020,5358.0013,100
Ne I,5360.0121,5360.0109,1500
Ne I,5360.4271,5360.4238,350
Ne I,5362.2334,5362.2275,250
Ne I,5366.2169,5366.2198,250
Ne I,5372.3110,5372.3110,750
Ne I,5374.975,5374.9754,500
Ne II,5376.635,5376.64,80
Ne II,5377.255,5377.26,80
Ne II,5380.721,5380.72,80
Ne II,5380.886,5380.89,60
Ne I,5383.2457,5383.2461,250
Ne II,5386.898,5386.90,60
Ne II,5387.209,5387.21,80
Ne II,5392.001,5392.00,100
Ne II,5392.248,5392.25,100
Ne II,5396.47,5396.47,22
Ne II,5396.782,5396.78,60
Ne II,5396.965,5396.96,120
Ne II,5397.096,5397.10,100
Ne I,5400.5616,5400.5618,20000
Ne II,5405.152,5405.15,140
Ne II,5405.152,5405.15,140
Ne I,5410.12,5410.1782,50
Ne II,5411.083,5411.08,60
Ne II,5411.263,5411.26,100
Ne I,5412.6490,5412.6481,2500
Ne I,5418.5584,5418.5577,1500
Ne II,5420.09,5420.09,12
Ne I,5420.155,5420.1538,500
Ne I,5433.6513,5433.6499,2500
Ne I,5447.120,5447.1041,80
Ne I,5448.5091,5448.5085,1500
Ne I,5494.4158,5494.4161,500
Ne I,5507.3442,5507.3415,250
Ne I,5511.176,5511.1760,30
Ne I,5511.485,5511.4953,150
Ne I,5520.63,5520.6299,30
Ne I,5533.6788,5533.6791,750
Ne I,5538.6510,5538.6518,500
Ne I,5559.0978,5559.0956,350
Ne I,5562.4416,5562.4415,1500
Ne I,5562.7662,5562.7668,5000
Ne I,5563.0531,5563.0534,750
Ne I,5576.0394,5576.0386,350
Ne I,5585.905,5585.918,50
Ne I,5589.3472,5589.3514,500
Ne I,5591.15,5591.1081,80
Ne VIII,,5609,
Ne I,5652.5664,5652.566,750
Ne I,5656.0258,5656.025,750
Ne I,5656.6588,5656.658,5000
Ne II,5662.200,5662.2007,40
Ne I,5662.5489,5662.548,750
Ne I,5684.647,5684.662,250
Ne I,5689.8163,5689.816,1500
Ne I,5715.3409,5715.345,350
Ne I,5718.8798,5718.882,1500
Ne I,5719.2248,5719.226,5000
Ne I,5719.5300,5719.528,750
Ne II,5742.437,5742.4481,80
Ne I,5748.2985,5748.298,5000
Ne I,5748.6446,5748.649,700
Ne I,5760.5885,5760.588,700
Ne I,5764.0525,5764.053,30
Ne I,5764.4188,5764.419,7000
Ne I,5770.3067,5770.313,500
Ne I,5804.0900,5804.092,750
Ne I,5804.4496,5804.450,5000
Ne I,5811.4066,5811.406,3000
Ne I,5816.6219,5816.622,500
Ne I,5820.1558,5820.155,5000
Ne I,5828.9063,5828.907,750
Ne I,5852.4878,5852.4879,20000
Ne I,5868.4165,5868.416,750
Ne I,5872.1450,5872.144,750
Ne I,5872.8275,5872.826,5000
Ne I,5881.8950,5881.8952,10000
Ne I,5898.3287,5898.329,200
Ne I,5902.0944,5902.096,30
Ne I,5902.4623,5902.462,500
Ne I,5902.7835,5902.785,50
Ne I,5906.4294,5906.428,500
Ne VIII,,5908,
Ne I,5913.633,5913.631,2500
Ne I,5918.9068,5918.906,2500
Ne I,5919.0290,5919.033,80
Ne I,5934.4522,5934.454,750
Ne I,5939.3154,5939.317,500
Ne I,5944.8340,5944.8342,5000
Ne I,5961.6228,5961.622,700
Ne I,5965.4710,5965.470,5000
Ne I,5966.1790,5966.174,350
Ne I,5974.6273,5974.628,5000
Ne I,5975.5343,5975.5340,6000
Ne I,5982.3753,5982.378,80
Ne I,5987.9074,5987.907,1500
Ne I,5991.6477,5991.650,750
Ne I,6000.9275,6000.926,1000
Ne I,6029.9968,6029.9969,10000
Ne I,6042.013,6041.988,150
Ne I,6046.1348,6046.133,500
Ne VIII,,6056,
Ne I,6064.5359,6064.536,500
Ne VIII,,6067,
Ne VIII,,6068,
Ne VIII,,6068,
Ne VIII,,6069,
Ne VIII,,6069,
Ne VIII,,6069,
Ne VIII,,6069,
Ne I,6074.3376,6074.3377,10000
Ne VIII,,6076,
Ne I,6096.1630,6096.1631,3000
Ne II,6110.88,6110.8106,100
Ne II,6112.72,6112.6489,160
Ne I,6118.0187,6118.014,150
Ne I,6128.4498,6128.4499,1000
Ne II,6132.77,6132.7179,100
Ne I,6142.508,6142.506,1000
Ne I,6143.0627,6143.0626,10000
Ne I,6150.2985,6150.296,1000
Ne I,6156.1380,6156.139,500
Ne I,6163.5937,6163.5939,10000
Ne II,6166.09,6166.0663,80
Ne I,6172.8156,6172.822,150
Ne I,6174.8829,6174.882,700
Ne I,6175.2842,6175.287,500
Ne I,6182.1460,6182.146,1500
Ne I,6183.1575,6183.161,50
Ne VIII,,6184,
Ne I,6189.0649,6189.066,700
Ne I,6193.0663,6193.066,500
Ne I,6202.9740,6202.976,150
Ne I,6205.7775,6205.777,1000
Ne III,,6206.49,0m
Ne III,6209.08,6209.08,70
Ne III,6210.18,6210.19,70
Ne I,6213.8758,6213.876,1500
Ne I,6217.2812,6217.2812,10000
Ne II,6224.48,6224.4127,160
Ne I,6225.7350,6225.737,500
Ne II,6239.032,6239.0255,120
Ne I,6246.7294,6246.727,1000
Ne I,6249.593,6249.592,50
Ne II,6250.925,6250.9244,120
Ne I,6252.732,6252.750,20
Ne II,6252.905,6252.8985,80
Ne II,6258.69,6258.6508,180
Ne I,6258.7884,6258.790,1000
Ne I,6266.4952,6266.4950,10000
Ne II,6270.131,6270.1321,80
Ne II,6272.420,6272.4217,140
Ne I,6273.0141,6273.015,700
Ne I,6276.0327,6276.034,500
Ne III,6277.50,6277.49,30
Ne III,6283.58,6283.58,30
Ne III,6289.59,6289.58,30
Ne I,6293.7447,6293.744,1000
Ne II,6297.840,6297.8335,80
Ne II,,6304.2560,m
Ne I,6304.7893,6304.7889,1000
Ne II,6306.113,6306.1113,100
Ne II,6307.66,6307.6349,180
Ne I,6313.6855,6313.688,1500
Ne II,6321.116,6321.1150,60
Ne I,6328.1646,6328.164,3000
Ne I,6330.8894,6330.893,1500
Ne I,6334.4276,6334.4278,10000
Ne II,6345.653,6345.6438,60
Ne I,6351.8532,6351.855,1000
Ne VIII,,6360,
Ne I,6364.9963,6364.997,1000
Ne I,6382.9914,6382.9917,10000
Ne IX,,6390,
Ne I,6401.076,6401.075,1000
Ne I,6402.248,6402.247,20000
Ne III,6406.58,6406.60,90
Ne I,6409.7469,6409.749,1500
Ne I,6421.7044,6421.705,1000
Ne VII,,6440,
Ne VI,,6440,
Ne VI,,6440,
Ne I,6444.7118,6444.710,1500
Ne I,6506.5277,6506.5281,15000
Ne II,6510.877,6510.888,60
Ne II,6511.789,6511.796,140
Ne II,6516.789,6516.799,120
Ne II,6517.041,6517.048,100
Ne II,6525.584,6525.596,22
Ne II,6526.03,6526.048,120
Ne I,6532.8824,6532.8822,1000
Ne II,6538.685,6538.685,80
Ne II,6539.143,6539.140,120
Ne II,6539.492,6539.487,140
Ne II,6539.692,6539.691,60
Ne II,6550.653,6550.643,140
Ne II,6550.653,6550.66,140
Ne II,6559.024,6559.020,100
Ne II,6559.285,6559.287,100
Ne VI,,6570,
Ne II,6571.30,6571.291,22
Ne II,6571.70,6571.689,60
Ne I,6598.9528,6598.9529,10000
Ne I,6602.9007,6602.902,1000
Ne I,6640.0095,6640.008,100
Ne I,6640.80,6640.796,50
Ne I,6652.0925,6652.0927,1500
Ne I,6666.892,6666.891,1000
Ne I,6678.2766,6678.2762,5000
Ne VII,,6710,
Ne I,6717.0430,6717.0430,700
Ne I,6721.1342,6721.135,20
Ne I,6738.0320,6738.032,700
Ne I,6759.5821,6759.586,150
Ne III,6886.94,6886.95,70
Ne VIII,,6894,
Ne III,6895.41,6895.41,100
Ne VII,,6910,
Ne I,6929.4672,6929.4673,100000
Ne VIII,,6993,
Ne I,7024.0500,7024.0504,34000
Ne I,7032.4128,7032.4131,85000
Ne I,7051.2922,7051.2923,2200
Ne I,7059.1079,7059.1074,10000
Ne I,7064.762,7064.7585,80
Ne II,7067.724,7067.7270,80
Ne I,7112.3075,7112.307,110
Ne II,7133.360,7133.3548,40
Ne I,7138.5400,7138.538,55
Ne VII,,7140,
Ne I,7173.9380,7173.9381,77000
Ne II,7213.210,7213.2082,300
Ne II,7235.1978,7235.1972,300
Ne I,7245.1665,7245.1666,77000
Ne II,7303.216,7303.2078,80
Ne I,7304.8422,7304.842,89
Ne II,7343.945,7343.9470,300
Ne II,7349.653,7349.6536,40
Ne I,7438.8981,7438.8984,60000
Ne II,7467.24,7467.2610,60c
Ne I,7472.4383,7472.4386,3100
Ne I,7488.8712,7488.8712,32000
Ne II,7491.408,7491.4222,60
Ne II,7492.102,7492.127,200
Ne II,7522.822,7522.8235,300
Ne I,7535.7739,7535.7741,28000
Ne I,7544.0439,7544.0443,13000
Ne II,7590.638,7590.6571,60
Ne II,7604.633,7604.6341,60
Ne I,7621.33,7621.3,50
Ne II,7633.267,7633.2713,140
Ne II,7654.546,7654.5512,180
Ne II,7689.789,7689.794,120
Ne I,7724.6233,7724.623,60
Ne II,7728.803,7728.8152,22
Ne II,7740.740,7740.7419,240
Ne II,7745.019,7745.0233,160
Ne VII,,7800,
Ne I,7833.0281,7833.0285,56
Ne II,7838.556,7838.5578,160
Ne I,7839.0520,7839.0528,230
Ne I,7839.9855,7839.9873,7
Ne II,7862.946,7862.9436,140
Ne II,7871.924,7871.9286,60
Ne II,7873.873,7873.8705,160
Ne II,7907.184,7907.188,12
Ne IX,,7922,
Ne II,7926.201,7926.2001,240
Ne I,7927.1172,7927.1177,300
Ne IX,,7934,
Ne I,7936.9957,7936.9961,1300
Ne I,7943.1805,7943.1814,7900
Ne I,7944.1404,7944.1409,200
Ne II,7944.919,7944.908,60
Ne II,7985.886,7985.9108,22
Ne VIII,,7993,
Ne IX,,7998,
Ne II,8018.756,8018.7502,22
Ne I,8024.11,8024.1,3
Ne I,8041.79,8041.74,3
Ne II,8073.780,8073.789,22
Ne II,8075.993,8075.983,22
Ne I,8076.06,8076.1,1
Ne II,8076.082,8076.0693,40
Ne I,8082.4576,8082.4580,5700
Ne II,8084.345,8084.3451,200
Ne II,8090.05,8090.0845,160
Ne I,8093.08,8093.13,3
Ne I,8118.5495,8118.5492,3800
Ne I,8128.9110,8128.9108,1200
Ne I,8136.4061,8136.4054,17000
Ne VII,,8140,
Ne II,8143.493,8143.4874,100
Ne II,8149.985,8149.98,60
Ne II,8153.448,8153.440,80
Ne II,8160.052,8160.05,100
Ne II,8163.656,8163.645,120
Ne IX,,8174,
Ne II,8184.765,8184.753,80
Ne II,8194.83,8194.792,360
Ne II,8206.043,8206.0284,140
Ne II,8213.035,8213.046,22
Ne II,8214.576,8214.5712,60
Ne VIII,,8217,
Ne IX,,8221,
Ne II,8244.338,8244.328,140
Ne I,8248.6826,8248.6823,310
Ne I,8259.3795,8259.3790,3300
Ne II,8264.807,8264.800,200
Ne I,8266.0769,8266.0772,7200
Ne I,8267.1166,8267.1163,990
Ne II,8277.328,8277.3222,120
Ne II,8280.598,8280.579,60
Ne II,8286.574,8286.5692,180
Ne I,8300.3248,8300.3258,29000
Ne I,8301.5570,8301.5577,1900
Ne IX,,8303,
Ne II,8314.995,8314.9910,200
Ne VIII,,8318,
Ne II,8321.919,8321.916,100
Ne II,8339.065,8339.0702,180
Ne II,8342.606,8342.6065,60
Ne II,8346.200,8346.2030,120
Ne II,8358.929,8358.935,120
Ne II,8360.385,8360.384,100
Ne I,8365.7464,8365.7465,4600
Ne II,8372.106,8372.1113,200
Ne I,8376.3590,8376.3594,6600
Ne I,8377.6070,8377.6080,76000
Ne II,8406.396,8406.400,80
Ne II,8413.212,8413.220,120
Ne I,8417.1597,8417.1606,2700
Ne I,8418.4265,8418.4274,26000
Ne II,8422.425,8422.434,100
Ne II,8433.637,8433.611,12
Ne II,8459.86,8459.876,100
Ne I,8463.3569,8463.3575,3700
Ne I,8484.4424,8484.4435,1300
Ne II,8493.252,8493.2585,140
Ne I,8495.3591,8495.3598,69000
Ne II,8498.040,8498.0444,80
Ne II,8532.753,8532.754,40
Ne II,8536.515,8536.5215,160
Ne II,8541.575,8541.579,100
Ne I,8544.6952,8544.6958,1600
Ne II,8553.049,8553.048,60
Ne I,8571.3535,8571.3524,2900
Ne II,8572.655,8572.669,80
Ne II,8579.448,8579.446,22
Ne II,8579.819,8579.825,80
Ne I,8582.9031,8582.9028,1600
Ne I,8591.2583,8591.2584,41000
Ne II,8599.508,8599.518,100
Ne I,8634.6472,8634.6470,35000
Ne I,8635.3177,8635.3175,740
Ne I,8647.0412,8647.0411,6000
Ne I,8654.3828,8654.3831,64000
Ne I,8655.5220,8655.5221,7600
Ne II,8664.628,8664.636,180
Ne II,8668.267,8668.269,200
Ne II,8678.87,8678.916,100
Ne I,8679.4936,8679.4925,13000
Ne II,8680.367,8680.386,180
Ne I,8681.9216,8681.9211,15000
Ne I,8704.1122,8704.1116,2900
Ne II,8705.558,8705.571,60
Ne II,8708.452,8708.454,60
Ne II,8747.170,8747.168,100
Ne II,8749.697,8749.6991,100
Ne I,8767.536,8767.5360,160
Ne I,8771.6575,8771.6563,10000
Ne I,8778.7322,8778.7328,2100
Ne I,8780.6223,8780.6226,57000
Ne I,8782.0015,8782.0012,230
Ne I,8783.7539,8783.7533,43000
Ne I,8792.5056,8792.5047,260
Ne II,8794.92,8794.81,80
Ne II,8794.92,8794.98,80
Ne II,8796.660,8796.661,40
Ne II,8796.907,8796.9088,40
Ne II,8821.847,8821.8464,140
Ne I,8830.9067,8830.9072,550
Ne I,8853.8669,8853.8668,27000
Ne II,8862.497,8862.4984,60
Ne I,8865.3057,8865.3063,2100
Ne I,8865.7562,8865.7552,15000
Ne II,8868.687,8868.695,40
Ne II,8879.908,8879.9157,60
Ne II,8883.731,8883.722,22
Ne I,8892.2315,8892.233,12
Ne I,8895.6,8895.667,3
Ne II,8897.603,8897.6105,22
Ne II,8898.847,8898.8508,140
Ne II,8900.129,8900.1344,120
Ne II,8905.421,8905.3900,12
Ne II,8914.862,8914.845,60
Ne I,8915.44,8915.35,4
Ne I,8919.5007,8919.5006,6400
Ne I,8927.4,8927.431,3
Ne I,8929.2503,8929.251,18
Ne I,8941.5133,8941.515,8
Ne II,8958.759,8958.769,22
Ne I,8962.328,8962.327,4
Ne II,8963.510,8963.5074,60
Ne I,8968.6,8968.540,3
Ne I,8988.5564,8988.5564,1800
Ne II,9010.993,9011.005,100
Ne II,9011.624,9011.611,120
Ne I,9036.9985,9037.000,9
Ne I,9046.8,9046.8,1
Ne I,9046.8,9046.9,1
Ne I,9049.086,9049.088,4
Ne I,9052.424,9052.426,3
Ne I,9052.642,9052.644,7
Ne II,9057.622,9057.609,100
Ne II,9064.497,9064.497,160
Ne II,9071.073,9071.065,100
Ne I,9073.033,9073.03,5
Ne II,9079.452,9079.450,200
Ne II,9082.488,9082.4748,22
Ne II,9084.600,9084.600,120
Ne II,9094.275,9094.263,60
Ne II,9095.949,9095.939,180
Ne I,9102.1,9102.1,1
Ne I,9103.53,9103.5,4
Ne II,9106.127,9106.136,22
Ne II,9112.506,9112.494,22
Ne I,9115.3,9115.3,1
Ne I,9115.3,9115.3,1
Ne II,9119.229,9119.226,80
Ne I,9148.6720,9148.6716,12000
Ne II,9158.081,9158.082,12
Ne II,9163.57,9163.546,12
Ne II,9177.779,9177.78,80
Ne II,9190.957,9190.96,80
Ne I,9193.8,9193.8,1
Ne I,9193.8,9193.8,1
Ne I,9201.7588,9201.7591,8900
Ne II,9204.075,9204.0770,12
Ne II,9207.782,9207.7723,60
Ne I,9220.0598,9220.0601,6000
Ne I,9221.5802,9221.5801,2200
Ne I,9226.6910,9226.6903,1800
Ne II,9234.132,9234.137,120
Ne II,9235.821,9235.808,40
Ne II,9245.846,9245.8420,22
Ne II,9246.159,9246.159,60
Ne II,9261.623,9261.629,80
Ne I,9275.5191,9275.5196,910
Ne II,9287.563,9287.5669,400
Ne II,9292.600,9292.592,22
Ne II,9297.3991,9297.3990,180
Ne I,9300.8532,9300.8527,7700
Ne II,9302.56,9302.564,22
Ne I,9310.5833,9310.5839,830
Ne I,9313.9731,9313.9726,2700
Ne I,9326.5072,9326.5068,6900
Ne II,9327.8391,9327.8375,160
Ne I,9340.5,9340.5,3
Ne II,9350.921,9350.915,40
Ne I,9353.3,9353.3,4
Ne I,9353.3,9353.2,4
Ne II,9360.123,9360.127,100
Ne I,9373.3079,9373.3078,1500
Ne I,9377.2276,9377.2265,7
Ne II,9389.615,9389.607,80
Ne II,9405.981,9406.002,22
Ne II,9410.298,9410.299,100
Ne I,9410.75,9410.8,9
Ne I,9412.32,9412.3,6
Ne II,9413.571,9413.577,140
Ne I,9425.3797,9425.3788,4800
Ne II,9428.599,9428.638,40
Ne II,9432.217,9432.220,100
Ne I,9433.0082,9433.0077,66
Ne II,9437.614,9437.614,80
Ne I,9443.8,9443.8,3
Ne I,9445.26,9445.3,4
Ne II,9449.827,9449.770,60
Ne I,9454.0,9454.0,1
Ne I,9459.2110,9459.2095,2800
Ne II,9477.91,9477.923,40
Ne I,9486.6825,9486.6818,5000
Ne II,9488.033,9488.03,22
Ne II,9488.520,9488.52,22
Ne I,9506.59,9506.6,4
Ne I,9508.4,9508.4,7
Ne II,9512.717,9512.714,22
Ne II,9515.871,9515.882,22
Ne I,9534.1640,9534.1629,6100
Ne II,9538.055,9538.044,60
Ne I,9547.4052,9547.4049,2800
Ne II,9549.310,9549.3137,22
Ne II,9553.699,9553.708,40
Ne II,9559.64,9559.656,40
Ne II,9559.64,9559.712,40
Ne I,9574.002,9574.000,2
Ne II,9577.013,9577.022,240
Ne II,9577.013,9577.039,240
Ne II,9599.490,9599.498,12
Ne I,9642.2,9642.279,1
Ne II,9655.687,9655.6899,40
Ne I,9665.4200,9665.4197,18000
Ne I,9724.8,9724.94,1
Ne II,9763.650,9763.673,40
Ne I,9788.1,9788.257,3
Ne II,9792.082,9792.104,40
Ne II,9806.122,9806.130,40
Ne II,9808.8657,9808.8653,200
Ne I,9823.453,9823.44,3
Ne I,9837.507,9837.50,13
Ne I,9837.507,9837.50,13
Ne I,9897.30,9897.31,4
Ne I,9899.06,9899.05,3
Ne I,9899.06,9899.07,3
Ne I,9900.594,9900.59,30
Ne I,9900.594,9900.58,30
Ne I,9902.337,9902.33,25
Ne I,9915.195,9915.19,13
Ne I,9918.602,9918.60,6
Ne I,9918.602,9918.59,6
Ne I,9936.853,9936.85,10
Ne I,9938.352,9938.35,16
Ne I,9944.140,9944.14,9
Ne I,9945.058,9945.049,4
Ne I,9945.058,9945.060,4
Ne I,9948.061,9948.05,9
Ne I,9963.605,9963.61,7
Ne II,9966.715,9966.708,60
Ne I,9974.2,9974.177,3