{
    "dcr_par":{
        "thresh":3.0,
        "xrad":9,
        "yrad":9,
        "npass":5,
        "diaxis":0,
        "lrad":1,
        "urad":3,
        "grad":1,
        "verbose":1
    },
    "ccd_args":{
        "--auto-clean":"False",
        "--cosmic":"dcr",
        "--dcr-par-dir":"/data/simon/development/soar/goodman/goodman_ccd/files/",
        "--debug":"False",
        "--flat-normalize":"simple",
        "--flat-norm-order":"15",
        "--ignore-bias":"False",
        "--ignore-flats":"False",
        "--keep-cosmic-files":"True",
        "--log-file":"goodman_ccd.log",
        "--raw-path":"/data/simon/development/soar/goodman",
        "--red-path":"./RED",
        "--saturation":"65000"
    },
  "spec_args":{
        "--data-path":"./",
        "--proc-path":"./",
        "--search-pattern":"cfzsto",
        "--output-prefix":"w",
        "--extraction":"fractional",
        "--reference-files":"refdata/",
        "--interactive":"False",
        "--debug":"False",
        "--log-to-file":"False",
        "--max-targets":"3",
        "--save-plots":"False",
        "--plot-results":"False"
    },
  "genpars":{
        "backg-sep":3,
        "extraction-width":1,
        "n-targets":1
  }
}